<manifest alg="2" build="2018.1.0.386" opt="false" iceEnabled="true" iceMarkupVersion="2" iceEnabledOptions="link,responsive,cachebuster,textStyling" exportTarget="other" domain="www.take42.net/b2oexpo" resolutions="1x" timestamp="1653493866396">
  <folder name="css">
    <file name="site_global.css" crc="444006867"/>
    <file name="index.css" crc="3900587453" ref="index"/>
    <file name="nomq_index.css" crc="215361351" ref="index"/>
  </folder>
  <folder name="fonts">
    <file name="poppins-medium.woff" crc="4128293802"/>
    <file name="poppins-medium.eot" crc="4264419474"/>
  </folder>
  <folder name="assets">
    <file name="videobg.mp4" crc="3764117922" seo="true" mt="1653226033000"/>
    <file name="videobg.webm" crc="425003148" seo="true" mt="1653228460000"/>
  </folder>
  <folder name="scripts">
    <file name="jquery-1.8.3.min.js" crc="209076791" ref="index"/>
    <file name="museutils.js" crc="340535759" ref="index"/>
    <file name="whatinput.js" crc="86476730" ref="index"/>
    <file name="museconfig.js" crc="4286661555" ref="index"/>
    <file name="jquery.watch.js" crc="51536988" ref="index"/>
    <file name="jquery.museresponsive.js" crc="527716135" ref="index"/>
    <file name="require.js" crc="7928878" ref="index"/>
  </folder>
  <folder name="images">
    <file name="expo-favicon.ico" crc="164050744" ref="index"/>
    <file name="pasted-svg-76787x24.svg" crc="499521112" seo="true" ref="index">
      <caption webpage="index" alt=""/>
      <caption webpage="index" alt=""/>
      <caption webpage="index" alt=""/>
    </file>
    <file name="pasted svg 76787x24_poster_.png" crc="367179980" ref="index"/>
    <file name="pasted-svg-1358934x645.svg" crc="417292028" seo="true" ref="index">
      <caption webpage="index" alt=""/>
      <caption webpage="index" alt=""/>
      <caption webpage="index" alt=""/>
    </file>
    <file name="pasted svg 1358934x645_poster_.png" crc="314153625" ref="index"/>
    <file name="pasted-svg-73513x20.svg" crc="3758463347" seo="true" ref="index">
      <caption webpage="index" alt=""/>
      <caption webpage="index" alt=""/>
      <caption webpage="index" alt=""/>
    </file>
    <file name="pasted svg 73513x20_poster_.png" crc="3863042501" ref="index"/>
    <file name="pasted-svg-1358934x6452.svg" crc="388125037" seo="true" ref="index">
      <caption webpage="index" alt=""/>
      <caption webpage="index" alt=""/>
      <caption webpage="index" alt=""/>
    </file>
    <file name="pasted svg 1358934x645_poster_2.png" crc="4002457019" ref="index"/>
    <file name="pasted-svg-84174x84.svg" crc="526405267" seo="true" ref="index">
      <caption webpage="index" alt=""/>
      <caption webpage="index" alt=""/>
      <caption webpage="index" alt=""/>
      <caption webpage="index" alt=""/>
      <caption webpage="index" alt=""/>
      <caption webpage="index" alt=""/>
    </file>
    <file name="pasted svg 84174x84_poster_.png" crc="3978845441" ref="index"/>
    <file name="pasted-svg-84545x84.svg" crc="22069328" seo="true" ref="index">
      <caption webpage="index" alt=""/>
      <caption webpage="index" alt=""/>
      <caption webpage="index" alt=""/>
    </file>
    <file name="pasted svg 84545x84_poster_.png" crc="298077714" ref="index"/>
    <file name="pasted-svg-84582x84.svg" crc="3943050101" seo="true" ref="index">
      <caption webpage="index" alt=""/>
      <caption webpage="index" alt=""/>
      <caption webpage="index" alt=""/>
      <caption webpage="index" alt=""/>
      <caption webpage="index" alt=""/>
      <caption webpage="index" alt=""/>
      <caption webpage="index" alt=""/>
      <caption webpage="index" alt=""/>
      <caption webpage="index" alt=""/>
    </file>
    <file name="pasted svg 84582x84_poster_.png" crc="3949973632" ref="index"/>
    <file name="pasted-svg-84156x84.svg" crc="3985254573" seo="true" ref="index">
      <caption webpage="index" alt=""/>
      <caption webpage="index" alt=""/>
      <caption webpage="index" alt=""/>
      <caption webpage="index" alt=""/>
      <caption webpage="index" alt=""/>
      <caption webpage="index" alt=""/>
      <caption webpage="index" alt=""/>
      <caption webpage="index" alt=""/>
      <caption webpage="index" alt=""/>
    </file>
    <file name="pasted svg 84156x84_poster_.png" crc="239816204" ref="index"/>
    <file name="pasted-svg-695302x861.svg" crc="204257874" seo="true" ref="index">
      <caption webpage="index" alt=""/>
      <caption webpage="index" alt=""/>
      <caption webpage="index" alt=""/>
    </file>
    <file name="pasted svg 695302x861_poster_.png" crc="4268079423" ref="index"/>
    <file name="pasted-svg-8512x241.svg" crc="4199676235" seo="true" ref="index">
      <caption webpage="index" alt=""/>
      <caption webpage="index" alt=""/>
      <caption webpage="index" alt=""/>
    </file>
    <file name="pasted svg 8512x241_poster_.png" crc="422826253" ref="index"/>
    <file name="blank.gif" crc="4208392903" ref="index"/>
  </folder>
  <file name="index.html" crc="3975512524" seo="true" mt="1653493789429" redirect="true"/>
</manifest>